{"cameraMode":{"drawMode":0,"name":"Shaded","section":"Shading Mode"},"sceneLighting":true,"audioPlay":false,"sceneViewState":{"showFog":true,"showMaterialUpdate":false,"showSkybox":true,"showFlares":true,"showImageEffects":true,"showParticleSystems":true},"in2DMode":false,"pivot":{"x":-0.5524358749389648,"y":-5.490128040313721,"z":9.590811729431153},"rotation":{"x":0.20456673204898835,"y":-0.05869128182530403,"z":0.012288796715438366,"w":0.9770143032073975},"size":55.3558235168457,"orthographic":true}