{"cameraMode":{"drawMode":0,"name":"Shaded","section":"Shading Mode"},"sceneLighting":false,"audioPlay":false,"sceneViewState":{"showFog":true,"showMaterialUpdate":false,"showSkybox":false,"showFlares":true,"showImageEffects":true,"showParticleSystems":true},"in2DMode":false,"pivot":{"x":0.7887372970581055,"y":5.000753402709961,"z":4.3290324211120609},"rotation":{"x":0.05487029254436493,"y":-0.0014977484242990614,"z":0.00008231902756961063,"w":0.9984923601150513},"size":8.985591888427735,"orthographic":true}