{"cameraMode":{"drawMode":0,"name":"Shaded","section":"Shading Mode"},"sceneLighting":true,"audioPlay":false,"sceneViewState":{"showFog":true,"showMaterialUpdate":false,"showSkybox":true,"showFlares":true,"showImageEffects":true,"showParticleSystems":true},"in2DMode":false,"pivot":{"x":-1.8301887512207032,"y":9.278139114379883,"z":-19.31369972229004},"rotation":{"x":0.03577401116490364,"y":-0.7966128587722778,"z":0.04737349972128868,"w":0.6015679836273193},"size":56.27299499511719,"orthographic":false}